Name	Count
Aasif Mandvi	 1
Abbie Cornish	 1
Adam Sessa	 1
Adria Baratta	 1
Adriana Alexander	 1
Afa Anoai	 1
Ahmet Zappa	 1
Aida Turturro	 2
Al Berry	 1
Al Fann	 1
Al Green	 1
Al Pacino	 2
Alan Bagh	 1
Alan C. Peterson	 1
Alan Cumming	 2
Alan Doyle	 1
Alec Wilson	 1
Alessio Boni	 1
Alex Arleo	 1
Alex Bookston	 1
Alex Borstein	 1
Alex O'Loughlin	 1
Alexa Nikolas	 1
Alexa PenaVega	 1
Alexander Conti	 1
Alfred Molina	 1
Alia Shawkat	 1
Alicia Silverstone	 1
Alicia Witt	 1
Alison Doody	 1
Alix Freihage	 1
Allan Graf	 1
Allison Dean	 1
Alvin Aki	 1
Amanda Foreman	 1
Amber Heard	 1
Amir Aboulela	 1
Amy Block	 1
Amy Brenneman	 1
Amy Fuehrer	 1
Amy Sedaris	 1
Amy Smart	 2
Andie MacDowell	 1
Andre Gregory	 1
Andre Rosey Brown	 1
Andrea Powell	 1
Andrew Bryniarski	 2
Andrew Hefler	 1
Andrew Lawrence	 1
Andrew Lowery	 1
Andrew Robinson	 1
Andy Davoli	 1
Andy Hirsch	 1
Andy Karl	 1
Angela Bassett	 1
Angela Grovey	 1
Angelina Jolie	 1
Angus MacInnes	 1
Anika Noni Rose	 1
Ann Magnuson	 1
Ann-Margret	 1
Annette O'Toole	 1
Annie Ross	 1
Anson Mount	 1
Anthony Anderson	 1
Anthony Montgomery	 1
Antoinette Peragine	 1
Arabella Field	 1
Arline Miyazaki	 1
Armand Assante	 1
Arnold Schwarzenegger	 3
Art Bell	 1
Art Hsu	 1
Art LaFleur	 1
Art Metrano	 1
Arthur Malet	 1
Asher Tzarfati	 1
Ashley Greene	 2
Avi Korein	 1
Bahni Turpin	 1
Bai Ling	 2
Bairbre Dowling	 1
Balthazar Getty	 1
Barbara Allyne Bennet	 1
Barbara Tyson	 1
Barima McKnight	 1
Barna Illyés	 1
Barry Pepper	 1
Barry Scott	 1
Bebe Drake	 1
Ben Affleck	 3
Ben Gazzara	 1
Ben Kingsley	 1
Ben McKenzie	 1
Ben Mendelsohn	 1
Benjamin Bratt	 2
Benjamin Brock	 1
Benjamin J. Cain Jr.	 1
Benjy Bronk	 1
Berend McKenzie	 1
Bernie Mac	 1
Bertila Damas	 1
Beth Grant	 1
Betty Bobbitt	 1
Beverly Johnson	 1
Bill Byrge	 1
Bill Eadie	 1
Bill Henderson	 1
Bill Nunn	 1
Bill Pugin	 1
Billy Burke	 3
Blake Clark	 1
Blake Lively	 1
Bob Beattie	 1
Bob Gunton	 2
Bob Hoskins	 1
Bob Schott	 1
Bobbie Brown	 1
Bonnie Aarons	 1
Boo	 1
Bosco Hogan	 1
Brad Dourif	 1
Brad Schacter	 1
Bradley Cooper	 1
Branden Williams	 1
Brandon Belknap	 1
Brandy Norwood	 1
Brendan Fletcher	 1
Brian Casey	 1
Brian Cox	 1
Brian Dietzen	 1
Brian Doyle-Murray	 1
Brian Geraghty	 1
Brian Howe	 1
Brian Hutchison	 1
Brian McCardie	 1
Brian Sites	 1
Brian Thompson	 1
Brian White	 1
Bridget Brown	 1
Bridgette Wilson-Sampras	 1
Brigitte Nielsen	 1
Brion James	 1
Britney Spears	 1
Brittany Daniel	 1
Brittney Guzman	 1
Brooke Alexander	 1
Bruce Campbell	 1
Bruce Nozick	 1
Bruce Taylor	 1
Bruce Way	 1
Bruce Willis	 2
Bruno Bilotta	 1
Bruno Wolkowitch	 1
Bryce Dallas Howard	 1
Buck Kartalian	 1
Buck Taylor	 1
Burt Reynolds	 1
Burt Young	 1
Burtt Harris	 1
Butch Brickell	 1
Byron Mann	 2
Byron McIntyre	 1
CJ Adams	 1
Cam Gigandet	 2
Cameron Ferre	 1
Candace Kita	 1
Candice Coke	 1
Candy Clark	 1
Carla Gugino	 1
Carlease Burke	 1
Carlos Gómez	 1
Carlos Sanz	 1
Carmen Wong	 1
Carmine Zozzora	 1
Carolyn Minnott	 1
Carolyn Seymour	 1
Cary-Hiroyuki Tagawa	 1
Cassie Scerbo	 1
Catherine Batcha	 1
Cedric Scott	 1
Charles Bowleg	 1
Charles Levin	 1
Charles Napier	 1
Charles S. Dutton	 1
Charles Shaughnessy	 1
Charles Ward	 1
Charlie Lamb	 1
Charlize Theron	 2
Charlotte Rampling	 1
Charlotte Ross	 1
Chase Nelson-Murray	 1
Chaske Spencer	 1
Chelsea Traille	 1
Cher	 1
Cherise Bates	 1
Cherub Freed	 1
Chevy Chase	 1
Chip Zien	 1
Chloe Hunter	 1
Chris Bauer	 1
Chris Casamassa	 1
Chris Engen	 1
Chris Geere	 1
Chris Latta	 1
Chris McCarty	 1
Chris O'Donnell	 1
Christa Campbell	 2
Christal Kim	 1
Christian Aubert	 1
Christian De Sica	 1
Christian Sloan	 1
Christian Tessier	 1
Christina Aguilera	 1
Christina Bilyk	 1
Christine Ebersole	 1
Christine Firkins	 1
Christine Forrest	 1
Christine Willes	 1
Christopher Adamson	 1
Christopher Bryan	 1
Christopher Casson	 1
Christopher Collet	 1
Christopher Freeman	 1
Christopher Heyerdahl	 2
Christopher Lambert	 1
Christopher Lee	 1
Christopher McDonald	 1
Christopher Meloni	 1
Christopher Redman	 1
Christopher Reeve	 1
Christopher Walken	 2
Chuck Baker	 1
Cindy Crawford	 1
Claire Forlani	 1
Claire Foy	 1
Clara Paget	 1
Clarence Williams III	 1
Cliff Curtis	 1
Clifton Collins Jr.	 1
Colin Farrell	 2
Colin Salmon	 1
Colleen Camp	 1
Colton Osborne	 1
Common	 1
Conan Lee	 1
Conner Rayburn	 1
Connie Nielsen	 1
Connie Ray	 1
Corey Haim	 1
Cornelia Guest	 1
Courtney B. Vance	 1
Courtney Baxter	 1
Craig Sheffer	 1
Craig T. Nelson	 1
Creed Bratton	 1
Crystal Reed	 1
Cynthia Rhodes	 1
DJ Qualls	 1
Da Brat	 1
Damian Chapa	 1
Damien Carter	 1
Damon Gupton	 1
Dan Aykroyd	 2
Dan Janjigian	 1
Dan Leegant	 1
Dan Martin	 1
Dan Montgomery Jr.	 1
Dan O'Herlihy	 1
Dana Kaminski	 1
Dana Stubblefield	 1
Daniel Baldwin	 1
Daniel Butler	 1
Daniel Haggard	 1
Daniel Riordan	 1
Daniele Pecci	 1
Danneel Ackles	 1
Danny Aiello	 1
Danny Cooksey	 1
Danny DeVito	 2
Danny Fotou	 1
Danny Trejo	 2
Danny Webber	 1
Dante Palminteri	 1
Daron Jennings	 1
Dash Mihok	 2
Dave Allen	 1
Dave Foley	 1
David Alan Grier	 1
David Andriole	 1
David Backus	 1
David Bonfadini	 1
David Brown	 1
David Carradine	 1
David Caruso	 1
David Clendenning	 1
David Denman	 1
David Early	 1
David Eigenberg	 1
David Fahm	 1
David Figlioli	 1
David Fraser	 1
David Hunt	 1
David James Elliott	 1
David Johansen	 1
David Keith	 1
David Maldonado	 1
David Mendenhall	 1
David Morse	 2
David O'Brien Hart	 1
David Paymer	 1
David Rasche	 1
David Walton	 1
David Yip	 1
David Zayas	 1
Daya Vaidya	 1
Dean Wray	 1
Debbie Lee Carrington	 1
Debi Mazar	 1
Deborah Jenssen	 1
Deborah Kara Unger	 1
Deborah Lee Johnson	 1
Debra Monk	 1
Deepak Chopra	 1
Deezer D	 1
Delaney Hamilton	 1
Demi Moore	 1
Denis Leary	 1
Dennis Burkley	 1
Dennis Deveaugh	 1
Dennis Hopper	 1
Dennis Rodman	 1
Denzel Whitaker	 1
Dequina Moore	 1
Derek Burnell	 1
Derek Scott	 1
Derrick O'Connor	 1
Desiree Gould	 1
Desiree Marie Velez	 1
Desmond Llewelyn	 1
Dev Patel	 1
Devon Anderson	 1
Dexter Darden	 1
Diane Chambers	 1
Diane Delano	 1
Diane Lane	 1
Dianna Agron	 1
Dianne Wiest	 1
Diego Klattenhoff	 1
Dimitra Arliss	 1
Dody Goodman	 1
Dolly Parton	 2
Dominic West	 1
Dominique Davalos	 1
Don Ackerman	 1
Don Castro	 1
Don Harvey	 1
Don Omar	 1
Don Yesso	 1
Donal Logue	 1
Donald Burton	 1
Donald Faison	 1
Donald O'Connor	 1
Dondi Dahlin	 1
Donna M. Perkins	 1
Dorian Harewood	 1
Doug Hutchison	 1
Doug Savant	 1
Douglas Arthurs	 1
Douglas Bennett	 1
Douglas Booth	 1
Downtown Julie Brown	 1
Duke Bannister	 1
Dwayne Johnson	 2
Dwight Ketchum	 1
Dwight Yoakam	 2
Dylan Baker	 1
Dylan Blue	 1
Dylan James	 1
Dylan Walsh	 1
E.J. De La Pena	 1
Earl Pastko	 1
Ed Gale	 2
Ed Leslie	 1
Ed Sahely	 1
Eddie Murphy	 1
Edi Gathegi	 1
Edna Billotto	 1
Edrick Browne	 1
Edward Bell	 1
Edward Bunker	 1
Efren Ramirez	 2
Eli Marienthal	 1
Eliza Till	 1
Elizabeth Banks	 1
Elizabeth Reaser	 2
Elizabeth Sanders	 1
Ella Bleu Travolta	 1
Ella Joyce	 2
Elle Downs	 1
Elle Macpherson	 1
Ellen Burstyn	 1
Ellen Pompeo	 1
Elsa Pataky	 2
Elvis Costello	 1
Emily Browning	 1
Emily Holmes	 1
Emily Meade	 1
Emma Bunton	 1
Emma Thompson	 1
Emmanuelle Chriqui	 1
Enrique Murciano	 1
Eric Balfour	 1
Eric Benét	 1
Eric Christian Olsen	 1
Eric Dane	 1
Eric Lawson	 1
Eric Stoltz	 1
Erick Avari	 1
Erika-Shaye Gair	 1
Eriq La Salle	 1
Ernie Hudson	 1
Essex Smith	 1
Estelle Getty	 1
Eugene Levy	 1
Ewen Bremner	 1
Eyal Podell	 1
Fabian C. Moreno	 1
Felissa Rose	 1
Felix Dayan	 1
Fernanda Dorogi	 1
Fernando Chien	 1
Finola Hughes	 1
Fiona Fullerton	 1
Fiona Shaw	 1
Fisher Stevens	 1
Forest Whitaker	 1
Frances Conroy	 2
Francesca P. Roberts	 1
Francis Guinan	 2
Francis Jue	 1
Frank Bruynbroek	 1
Frank Langella	 1
Frank Maharajh	 1
Frank Medrano	 1
Frank Stallone	 1
Frank Welker	 1
Frank Willey	 1
Frankie J. Allison	 1
François Petit	 1
François Vincentelli	 1
Fred Armisen	 1
Fred McCarren	 1
Frederique Van Der Wal	 1
Fritzi Jane Courtney	 1
GQ	 1
Gabrielle Rose	 1
Gailard Sartain	 2
Gal Gadot	 2
Garcelle Beauvais	 2
Garn Stephens	 1
Gary Brockette	 1
Gary Oldman	 1
Gattlin Griffith	 1
Gavan O'Herlihy	 1
Gene Kelly	 1
Gene Okerlund	 1
George Clooney	 1
George Finn	 1
George Sharperson	 1
George Wyner	 1
Gerard Plunkett	 1
Geri Halliwell	 2
Gerry Skilton	 1
Gianni Russo	 1
Gil Birmingham	 1
Gil Borgos	 1
Gillian Vigman	 1
Gina Carano	 1
Giovanni Guidelli	 1
Glenn Howerton	 1
Glenn Morshower	 1
Glenn Shadix	 1
Glynn Turman	 1
Gordon Rollings	 1
Grace Jones	 1
Graham Stark	 1
Grand L. Bush	 2
Grant Bowler	 1
Grant Heslov	 1
Grant Nickalls	 1
Grant Russell	 1
Greg Ellery	 1
Greg Sestero	 1
Greg Siff	 1
Gregg Rainwater	 1
Hakim Alston	 1
Halle Berry	 1
Hank Azaria	 2
Harley Reiner	 1
Harrison Page	 1
Harry Shearer	 1
Harvey Korman	 1
Heather Jocelyn Blair	 1
Henry Hereford	 1
Henry Rollins	 1
Henry Woolf	 1
Holly Robinson Peete	 1
Holly Scott Cavanaugh	 1
Holmes Osborne	 1
Howard Finkel	 1
Howard Hesseman	 1
Hrothgar Mathews	 1
Hulk Hogan	 2
Ian Dury	 1
Ian Ziering	 2
Ice Cube	 1
Ice-T	 1
Illeana Douglas	 1
Ingrid Kavelaars	 1
Isaac Hayes	 1
Israel Sáez de Miguel	 1
Ivan J. Rado	 1
Ivo Kristof	 1
Ivory Ocean	 1
J. Kenneth Campbell	 1
J. Paul Boehmer	 1
J.K. Simmons	 1
Jaason Simmons	 1
Jack Eiseman	 1
Jack McGee	 2
Jack Ong	 1
Jack Palance	 1
Jack Warden	 1
Jackie Burroughs	 1
Jackie Cooper	 1
Jackie Marin	 1
Jackie Welch	 1
Jackson Rathbone	 3
Jacynthe René	 1
Jade Calegory	 1
Jadeen Barbor	 1
Jaden Martin	 1
Jaden Smith	 1
Jake Andolina	 1
Jake Lloyd	 1
James Allodi	 1
James Belushi	 1
James Bulliard	 1
James Coburn	 1
James Coffey	 1
James Cromwell	 1
James Eckhouse	 1
James Frain	 1
James Franco	 1
James Hong	 1
James Karen	 1
James Pizzinato	 1
James Rebhorn	 2
James Sloyan	 1
James Staszkiel	 1
Jamie Campbell Bower	 1
Jamie Chung	 1
Jamie Foxx	 1
Jana Arnold	 1
Janae Caster	 1
Jane Galloway Heitz	 1
Jane March	 1
Janine Turner	 1
Jason Beghe	 1
Jason Flemyng	 1
Jason Isaacs	 1
Jason Jones	 1
Jason Patric	 1
Jason Statham	 3
Jason Yribar	 1
Jay Benedict	 1
Jay Mello	 1
Jay Mohr	 1
Jay O. Sanders	 1
Jay Tavare	 1
Jay Xcala	 1
Jayma Mays	 1
Jean Reno	 1
Jean-Claude Van Damme	 2
Jean-Luc Bilodeau	 1
Jeep Swenson	 1
Jeff Corey	 1
Jeff Fahey	 1
Jeff Healey	 1
Jeff L. Deist	 1
Jeffrey Buckner Ford	 1
Jeffrey Jones	 2
Jena Malone	 1
Jenette Goldstein	 1
Jennifer Banko	 1
Jennifer Elise Cox	 1
Jennifer Garner	 2
Jennifer Lopez	 3
Jennifer Vanderbliek	 1
Jenny Parsons	 1
Jere Burns	 1
Jeremy Hotz	 1
Jeremy Jordan	 1
Jerry Potter	 1
Jerry Stiller	 1
Jerry Wills	 1
Jesse Doran	 1
Jesse L. Martin	 1
Jesse Stock	 1
Jesse Ventura	 1
Jesse Welles	 1
Jessica Alba	 1
Jessica Brown Findlay	 1
Jessica Diz	 1
Jessica Simpson	 1
Jessica Swift	 1
Jillian Murray	 1
Jim Adams	 1
Jim Carrane	 1
Jim Conrad	 1
Jim Gaffigan	 1
Jim Varney	 1
Jimmy Keegan	 1
JoBeth Williams	 1
Joan Chen	 1
Joan Cusack	 1
Joan Severance	 1
Joanna Miles	 1
Joaquim de Almeida	 1
Joe Don Baker	 1
Joe Hess	 1
Joe Pantoliano	 2
Joe Rokicki	 1
Joe Taslim	 1
Joe Teixeira	 1
Joel Edgerton	 1
Joey Fatone	 1
Johann Carlo	 1
John Alderton	 1
John Barrett	 1
John Bedford Lloyd	 1
John Bower	 1
John Braden	 1
John Candy	 1
John Cleese	 1
John D'Alonzo	 1
John Doe	 1
John Duffy	 1
John E. Dunn	 1
John Enos III	 1
John F. Hoye	 1
John Fink	 1
John Fujioka	 1
John Glover	 1
John Grant	 1
John Hauk	 1
John Heard	 1
John Herzfeld	 1
John Leguizamo	 1
John M. Jackson	 1
John MacBride	 1
John Newton	 1
John Oliver	 1
John Pankow	 1
John Rhys-Davies	 1
John Topor	 1
John Travolta	 3
John Wesley	 2
Johnny Bench	 1
Johnny Depp	 1
Johnny Strong	 1
Jon Favreau	 1
Jon Hamm	 1
Jon Patrick Walker	 1
Jon Tenney	 1
Jon Voight	 1
Jonathan Banks	 1
Jonathan Hyde	 1
Jonathan Terry	 1
Jonathan Tiersten	 1
Jonathan Ward	 1
Jordan Prentice	 1
Jordana Brewster	 2
Jordana Spiro	 1
Jorge Garcia	 1
Jose Pablo Cantillo	 2
Joseph Cross	 1
Joseph Julian Soria	 1
Joyce Hyser	 1
Joyce Van Patten	 1
Joyful Drake	 1
Joëlle Devaux-Vullion	 1
Juan Castano	 1
Judd Hirsch	 1
Judith Barsi	 1
Judith Ivey	 1
Judy Collins	 1
Julanne Chidi Hill	 1
Julia Ormond	 1
Julianne Hough	 1
Julie Benz	 1
Julie Bovasso	 1
Julie Chang	 1
Julie McCullough	 1
Julie Michaels	 1
Julien Baumgartner	 1
Juliette Danielle	 1
Juliette Marshall	 1
Julio Oscar Mechoso	 1
Jurnee Smollett-Bell	 1
Justin Bartha	 1
Justin Chapman	 1
Justin Gorence	 1
Justin Guarini	 1
Justin Long	 1
Justin Timberlake	 1
Jürgen Prochnow	 1
Kacie Borrowman	 1
Kaitlin Hopkins	 1
Kaitlin Riley	 1
Kanye West	 1
Karen Crone	 1
Karen Fields	 1
Karen Young	 1
Kari McDermott	 1
Kari Wuhrer	 2
Karla Tamburrelli	 1
Kate Beahan	 1
Kate Beckinsale	 1
Kate McNeil	 1
Katharine Houghton	 1
Katherine Bailess	 1
Katherine Boecher	 1
Katherine Kamhi	 1
Kathleen Chalfant	 1
Kathleen Wilhoite	 2
Katie Hanley	 1
Katrina Baker	 1
Katy Mixon	 2
Keanu Reeves	 1
Keenen Ivory Wayans	 1
Keith Cooke	 1
Keith David	 1
Keke Palmer	 1
Kellan Lutz	 2
Kelly Aldridge	 1
Kelly Clarkson	 1
Kelly Erin	 1
Kelly Lynch	 1
Kelly Preston	 2
Ken Arnold	 1
Ken Jeong	 1
Ken Samuels	 1
Kenneth Branagh	 1
Kenneth Edwards	 1
Kenya Sawada	 1
Keone Young	 2
Keong Sim	 1
Keram Malicki-Sánchez	 1
Kevin Allen	 1
Kevin Callison	 1
Kevin Corrigan	 1
Kevin Dunn	 1
Kevin Hicks	 1
Kevin J. O'Connor	 1
Kevin Kline	 1
Kevin Rees	 1
Kevin Tighe	 1
Kevin Yamada	 1
Kim Cattrall	 1
Kim Coates	 1
Kim Kardashian West	 1
Kim Kold	 1
Kim Smith	 1
Kirk Franklin	 1
Kirsten Dunst	 1
Kool Moe Dee	 1
Kris Kristofferson	 1
Kristanna Loken	 1
Kristen Bell	 1
Kristen Stewart	 2
Kristin Booth	 1
Kristin Chenoweth	 1
Kristin Davis	 1
Kristin Minter	 1
Kristina Copeland	 1
Kristofer Hivju	 1
Kurt Angle	 1
Kurt Fuller	 1
Kurt James Stefka	 1
Kurt Russell	 1
Kurt Thomas	 1
Kyle Davis	 1
Kyle Vogt	 1
Kylie Minogue	 1
LL Cool J	 1
Lambert Wilson	 1
Lance Bass	 1
Lance Gross	 1
Lance Guest	 1
Lance Henriksen	 2
Laraine Newman	 1
Larry Day	 1
Laura Harrington	 1
Laura Linney	 1
Laura Waterbury	 1
Lauralee Bell	 1
Lauren Stanley	 1
Laurent Schwaar	 1
Lawrence T. Wrentz	 1
Lea Thompson	 1
Leah Cairns	 1
Leanne Cochran	 1
Lee Garlington	 1
Leelee Sobieski	 3
Leland Orser	 1
Len Doncheff	 1
Lennie Loftin	 1
Lenny Venito	 1
Les Bradford	 1
Lesley Ann Warren	 1
Leslie Morris	 1
Lewis Arquette	 1
Liana Liberato	 1
Lily Collins	 1
Lin-Manuel Miranda	 1
Lina Esco	 1
Lincoln Lewis	 1
Linda Kozlowski	 1
Linda Lavin	 1
Linden Ashby	 1
Lindsay Lohan	 2
Lisa Sturz	 1
Liz Sagal	 1
Lobo Sebastian	 1
Lois Chiles	 1
Lois Maxwell	 1
Lois Smith	 1
Lola Noh	 1
Lori J. Jones	 1
Lori Loughlin	 1
Loris Sallahian	 1
Lorraine Gary	 1
Lorraine Toussaint	 1
Lorry Goldman	 1
Lucy Griffiths	 1
Ludacris	 2
Luis Alberto Martínez	 1
Luis Guzmán	 1
Luke Bilyk	 1
Luke Evans	 1
Lyman Chen	 1
Lynn Latham	 1
Lynn Whitfield	 1
M. Emmet Walsh	 2
M.C. Gainey	 1
Mac Bennett	 1
Mackenzie Foy	 1
Madison McKinley	 1
Maggie Grace	 1
Magic Schwarz	 1
Mahadeo Shivraj	 1
Maidie Norman	 1
Malcolm Danare	 1
Malcolm Scott	 1
Manning Redwood	 1
Manny Petruzzelli	 1
Manu Narayan	 1
Marc Alaimo	 1
Marc Macaulay	 2
Marc McClure	 1
Marc Ruchmann	 1
Marcia DeRousse	 1
Marco Rodríguez	 1
Marcus Blanchard	 1
Marcus Choi	 1
Margot Kidder	 1
Maria Bello	 1
Maria Pitillo	 1
Mariah Carey	 1
Maribeth Monroe	 1
Marilyn Tokuda	 1
Mario Opinato	 1
Mario Van Peebles	 1
Mark Acheson	 1
Mark Addy	 1
Mark Alderson	 1
Mark Camacho	 1
Mark Collver	 1
Mark Colson	 1
Mark Doherty	 1
Mark McGrath	 1
Mark Pellegrino	 1
Mark Strong	 1
Marshall R. Teague	 1
Martin Ferrero	 1
Martin Mull	 1
Martin West	 1
Mary Black	 1
Mary Ellen Trainor	 1
Mary Haney	 1
Mary Smith	 1
Mary Wells	 1
Matt Bomer	 1
Matt Devere	 1
Matt Dillon	 1
Matt Schulze	 1
Matthew Andrews	 1
Matthew Broderick	 2
Matthew Knight	 1
Matthew Lillard	 1
Matthew McConaughey	 1
Matthew R. Staley	 1
Matthew Walker	 1
Maurice Jones	 1
Maurice Roëves	 1
Max Beesley	 1
Max von Sydow	 1
Mckayla Twiggs	 1
Meagan Good	 1
Meg Phillips	 1
Megan Cavanagh	 1
Melanie Brown	 1
Melanie Chisholm	 1
Melanie Wheeler	 1
Melinda Phelps	 1
Melissa McCarthy	 1
Melvin Van Peebles	 1
Merle Kennedy	 1
Michael Adler	 1
Michael Arden	 1
Michael Barrymore	 1
Michael Beck	 1
Michael Byrne	 1
Michael Caine	 1
Michael Clarke Duncan	 1
Michael Currie	 1
Michael Eklund	 1
Michael Esparza	 1
Michael Gambon	 1
Michael Gough	 1
Michael Gross	 1
Michael Irby	 1
Michael J. Anderson	 1
Michael J. Pollard	 1
Michael Keaton	 1
Michael Lerner	 1
Michael Massee	 1
Michael Nouri	 1
Michael Nyqvist	 1
Michael Patrick Crane	 1
Michael Reid MacKay	 1
Michael Sunczyk	 1
Michael Wiseman	 1
Michaela Watkins	 1
Michel Perron	 1
Michelle Borth	 1
Michelle Johnson	 1
Michelle Rodriguez	 1
Mickey Rourke	 1
Miguel A. Núñez Jr.	 2
Miguel Sandoval	 1
Mika Boorem	 1
Mike Dopud	 1
Mike Doyle	 1
Mike H. McGaughy	 1
Mike Hagerty	 1
Mike Kellin	 1
Mike Myers	 1
Miley Cyrus	 1
Mindy Seeger	 1
Ming-Na Wen	 1
Minglie Chen	 1
Misty Rosas	 1
Mitchell Anderson	 1
Mojo Nixon	 1
Molly Parker	 1
Mona Lisa Moon	 1
Monika Jolly	 1
Musetta Vander	 1
Nancy Kyes	 1
Nancy Roberts	 1
Naomi Campbell	 1
Natacha Lindinger	 1
Neal McDonough	 2
Neil H. Berkow	 1
Neil Hopkins	 1
Neil Patrick Harris	 1
Newell Alexander	 1
Niall Buggy	 1
Nicholas Sadler	 1
Nick Angotti	 1
Nick Jandl	 1
Nico Tortorella	 1
Nicola Peltz	 1
Nicolas Cage	 4
Nicole Kidman	 1
Nigel Hawthorne	 1
Nikki Cox	 1
Nikki Reed	 2
Nilo Otero	 1
Nina Axelrod	 1
Noah Ringer	 1
Nora Dunn	 1
Norma Donaldson	 1
Noureen DeWulf	 1
Odeya Rush	 1
Olek Krupa	 1
Olivia Newton-John	 1
Oriah Acima Andrews	 1
Oscar Isaac	 1
Owen Hughes	 1
Owen Wilson	 1
Padma Lakshmi	 1
Pam Grier	 1
Pamela Gray	 1
Pamela Reed	 1
Pamela Stephenson	 1
Pat Hingle	 1
Pat Skipper	 1
Patricia Arquette	 1
Patricia De Leon	 1
Patricia Tallman	 1
Patrick Bauchau	 1
Patrick Brady	 1
Patrick Fabian	 1
Patrick Macnee	 1
Patrick O'Bryan	 1
Patrick Swayze	 1
Patsy van Ettinger	 1
Paul Ben-Victor	 1
Paul Bettany	 1
Paul Bollen	 1
Paul DeAngelo	 1
Paul Dillon	 1
Paul F. Tompkins	 1
Paul Freeman	 1
Paul Guilfoyle	 1
Paul Hogan	 1
Paul Rodriguez	 1
Paul Walker	 2
Paul Woolfolk	 1
Paula Boudreau	 1
Penny Santon	 1
Peter Aykroyd	 1
Peter Baird	 1
Peter Boyle	 1
Peter Dinklage	 1
Peter Facinelli	 2
Peter Gallagher	 1
Peter Jason	 1
Peter Kent	 1
Peter Marinker	 1
Peter Sarsgaard	 1
Peter Wear	 1
Peter Wingfield	 1
Phet Mahathongdy	 1
Phil Hartman	 1
Phil Rubenstein	 1
Philip Haldiman	 1
Philip Tan	 1
Philippe Bergeron	 1
Queen Latifah	 1
Radick Cembrzynski	 1
Ralph Strait	 1
Rance Howard	 1
Randall 'Tex' Cobb	 1
Randall Duk Kim	 1
Randy Quaid	 1
Randy Raney	 1
Raoul Bova	 1
Rashaan Nall	 1
Raul Julia	 1
Ray Liotta	 1
Ray Stevenson	 1
Raymond J. Barry	 1
Rebecca Finnegan	 1
Rebecca Wackler	 1
Rebekah Kennedy	 1
Red Grant	 1
Red West	 1
Reginald Jarman	 1
Renee Ford Clark	 1
Renee Robertson	 1
Reni Santoni	 1
Renn Woods	 1
Reno Wilson	 2
Renée Taylor	 1
Residente	 1
Revard Dufresne	 1
Richard Bravo	 1
Richard Briers	 1
Richard Cetrone	 2
Richard E. Grant	 1
Richard Edson	 1
Richard Farnsworth	 1
Richard Gant	 1
Richard Moll	 1
Richard Norton	 1
Richard Pryor	 1
Richard Riehle	 1
Richard Tyson	 1
Richard Voll	 1
Richie Sambora	 1
Rick Camp	 1
Rick Zumwalt	 1
Ricky Hegarty	 1
Rita Wilson	 2
Ritch Brinkley	 1
Rob Blake	 1
Rob Diem	 1
Rob Schneider	 1
Robbie Coltrane	 1
Robbie Jones	 1
Robert Brown	 1
Robert Conrad	 1
Robert Earl Jones	 1
Robert Hy Gorman	 1
Robert Klein	 1
Robert Loggia	 1
Robert Mailhouse	 1
Robert Mammone	 1
Robert Martini	 1
Robert Pattinson	 2
Robert Sheehan	 1
Robert Silver	 1
Robert Vaughn	 1
Robert Z'Dar	 1
Robin Gammell	 1
Robin McGee	 1
Robin Shou	 1
Robin Williams	 2
Robin Wright	 1
Robyn Paris	 1
Rodney A. Grant	 1
Roger Clark	 1
Roger Hewlett	 1
Roger Moore	 1
Roger Rees	 1
Romano Orzari	 1
Romany Malco	 1
Romy Rosemont	 1
Ron Balicki	 1
Ron Jeremy	 1
Ron Lea	 1
Ron Leibman	 1
Ron Livingston	 1
Ron Perlman	 2
Ron Sauvé	 1
Ron Selmour	 1
Rosario Dawson	 1
Rosemarie DeWitt	 1
Rosemary Harris	 1
Roshan Seth	 1
Ross St. Phillip	 1
Roy Brocksmith	 1
Roy Huang	 1
Ruben Santiago-Hudson	 1
Rubén Blades	 1
Rufus Sewell	 1
Russell Buchanan	 1
Russell Crowe	 1
Ryan Cutrona	 1
Ryan Devlin	 1
Ryan Reynolds	 1
Róbert Bánlaki	 1
Sab Shimono	 1
Sabine Karsenti	 1
Sabrina Aldridge	 1
Sacha Dhawan	 1
Sally Anne Newton	 1
Salma Hayek	 2
Sam Derence	 1
Sam Elliott	 1
Samantha Mathis	 1
Sandahl Bergman	 1
Sandra Bernhard	 1
Sandra Bullock	 3
Sandy Helberg	 1
Santiago Segura	 1
Sara Kestelman	 1
Sarah Clarke	 1
Sarah M. Miles	 1
Scott Bakula	 1
Scott Glenn	 1
Scott Holmes	 1
Scott Terra	 1
Scottie Thompson	 1
Sean Connery	 1
Sean Kenin	 1
Sean O'Bryan	 1
Serge Cockburn	 1
Seth Green	 1
Seychelle Gabriel	 1
Shalim Ortiz	 1
Sharan Lea	 1
Sharon Stone	 1
Shaun Austin-Olsen	 1
Shaun Toub	 1
Shelly Desai	 1
Sheree J. Wilson	 1
Sherman Hemsley	 1
Sherri Stone Butler	 1
Shirley Knight	 1
Shohreh Aghdashloo	 1
Sidney Baxley	 1
Simon Callow	 1
Simon Chandler	 1
Simona Williams	 1
Sinbad	 1
Sincere L. Bobb	 1
Slobodan Dimitrijevic	 1
Sofia Eng	 1
Sofía Vergara	 1
Sonny Barnes	 1
Sonny Carl Davis	 1
Sophie Okonedo	 1
Spencer Garrett	 1
Stacey Nelkin	 1
Stacy Daniel	 1
Stanley Tucci	 2
Stefano Molinari	 1
Stephanie Abrams	 1
Stephanie Janusauskas	 1
Stephanie Marie Douglas	 1
Stephen Campbell Moore	 1
Stephen Colbert	 1
Stephen Graham	 1
Stephen Gustavson	 1
Stephen Moyer	 1
Stephen Root	 1
Stephen Tobolowsky	 1
Steve Bickford	 1
Steve Blass	 1
Steve Inwood	 1
Steve Kahan	 1
Steve Peck	 1
Steve Rackman	 1
Steve Sleap	 1
Steven Berkoff	 2
Steven Seagal	 1
Stuart Pankin	 1
SuChin Pak	 1
Sumiko Braun	 1
Summer Bishil	 1
Sung Kang	 2
Sunshine Parker	 1
Susan Blakely	 1
Susan Glaze	 1
Susan Krebs	 1
Sydney Lassick	 1
Sylvain Landry	 1
Sylvester Stallone	 7
Sylvia Harman	 1
T.J. Storm	 1
Tadashi Yamashita	 1
Taika Waititi	 1
Talisa Soto	 1
Tamala Jones	 1
Tamara Tunie	 1
Tamia	 1
Tammy Hui	 1
Tanee McCall-Short	 1
Tania Saulnier	 1
Tanya Franks	 1
Tanya Newbould	 1
Tanya Roberts	 1
Tara Reid	 2
Taryn Manning	 1
Taylor Ann Thompson	 1
Taylor Handley	 1
Taylor Lautner	 2
Taylor Negron	 1
Ted Levine	 1
Ted Raimi	 1
Tego Calderon	 1
Temuera Morrison	 2
Terence Kelly	 1
Teri Hatcher	 1
Terrence Howard	 1
Terrence Jenkins	 1
Terry Camilleri	 1
Terry Funk	 1
Terry Milam	 1
Tetchie Agbayani	 1
The Dream Boys	 1
Theresa Russell	 2
Theresa San-Nicholas	 1
Thomas Blankenship	 1
Thomas E. van Dell	 1
Thomas Haden Church	 2
Thomas Ikeda	 1
Tia Texada	 1
Tiffany Cole	 1
Tim Curry	 1
Tim Gunn	 1
Tim Post	 1
Tim Robbins	 2
Tim Rose	 1
Tim Thomerson	 1
Timothy Dalton	 1
Timothy Scott Floyd	 1
Tina Caspary	 1
Tina Cote	 1
Tina Parker	 1
Tippi Hedren	 1
Tobey Maguire	 1
Todd Farmer	 1
Todd Giebenhain	 1
Toi Svane Stepp	 1
Tom Atkins	 2
Tom Bosley	 1
Tom Heaton	 1
Tom Quinn	 1
Tommy 'Tiny' Lister	 1
Tommy Wiseau	 1
Tonita Castro	 1
Tony Bill	 1
Tony Black	 1
Tony Calabretta	 1
Tony Munafo	 2
Topher Grace	 1
Travis McKenna	 1
Trevor Fahnstrom	 1
Trevor Goddard	 1
Trevor Thompson	 1
Trish Coren	 1
Tudi Wiggins	 1
Ty Olsson	 1
Tyler Khan	 1
Tyrese Gibson	 2
Ulrich Thomsen	 1
Uma Thurman	 1
Val Avery	 1
Valarie Pettiford	 1
Valarie Rae Miller	 1
Valeria Cavalli	 1
Valri Bromfield	 1
Vanessa Hudgens	 1
Vanessa Lee Asher	 1
Vanessa Williams	 1
Vanilla Ice	 1
Vendela Kirsebom Thomessen	 1
Verne Troyer	 1
Vicki Lewis	 1
Victor DiMattia	 1
Victor Pagan	 1
Victor Varnado	 1
Victoria Beckham	 1
Vin Diesel	 2
Vincent Castellanos	 1
Ving Rhames	 1
Vinnie Curto	 1
Vinnie Torrente	 1
Vivian Le Borgne	 1
Vivica A. Fox	 2
Vyto Ruginis	 1
Walter Gotell	 1
Wanetah Walmsley	 1
Warwick Davis	 1
Wayne Knight	 1
Welker White	 1
Wendy Melvoin	 1
Wendy Wessberg	 1
Wesley Snipes	 1
Whitney Moore	 1
Will Rothhaar	 1
Will Sanderson	 1
Will Smith	 2
Willem Dafoe	 1
William Baldwin	 1
William Dunn	 1
William Fichtner	 1
William Forsythe	 1
William Hurt	 1
William Newman	 1
Willoughby Gray	 1
Willy Kuskin	 1
Winter Ave Zoli	 1
Woody Carter	 1
Xander Berkeley	 1
Yamil Piedra	 1
Yousuf Azami	 1
Yvette Van Voorhees	 1
Zemphira Gosling	 1
Zlatko Pokupec	 1
Zoe Saldana	 1
Zoë Kravitz	 1
